{"stats":{"minecraft:killed":{"minecraft:sheep":2,"minecraft:pig":2,"minecraft:cow":6},"minecraft:picked_up":{"minecraft:crafting_table":1,"minecraft:stick":1,"minecraft:acacia_planks":2,"minecraft:leather":5,"minecraft:wheat_seeds":2,"minecraft:acacia_log":4,"minecraft:porkchop":3,"minecraft:beef":10,"minecraft:mutton":4,"minecraft:white_wool":2},"minecraft:mined":{"minecraft:grass":29,"minecraft:acacia_log":4,"minecraft:acacia_leaves":5,"minecraft:tall_grass":4,"minecraft:crafting_table":1},"minecraft:dropped":{"minecraft:acacia_planks":2},"minecraft:crafted":{"minecraft:wooden_sword":1,"minecraft:acacia_planks":16,"minecraft:crafting_table":1,"minecraft:stick":4,"minecraft:wooden_pickaxe":1,"minecraft:wooden_axe":1},"minecraft:used":{"minecraft:wooden_axe":11,"minecraft:wooden_sword":49,"minecraft:crafting_table":1},"minecraft:custom":{"minecraft:time_since_rest":3330,"minecraft:crouch_one_cm":1319,"minecraft:play_time":3330,"minecraft:sprint_one_cm":11408,"minecraft:damage_taken":20,"minecraft:walk_one_cm":6671,"minecraft:sneak_time":303,"minecraft:mob_kills":10,"minecraft:drop":1,"minecraft:jump":72,"minecraft:damage_dealt":959,"minecraft:leave_game":1,"minecraft:time_since_death":3330,"minecraft:total_world_time":3330,"minecraft:interact_with_crafting_table":1,"minecraft:fall_one_cm":1378,"minecraft:fly_one_cm":12375}},"DataVersion":3465}